тестИмпорт2;importTest;импорт;import@gmail.com;80292648567
Саша;Александров;sasha;sasha@gmail.com;7777777
Игорь;Игорев;igor;igor@gmail.com;55555
Александр;Александров;sasha;sasha@mail.ru;88888888
Name1;Surname1;login1;emai1;1
Name2;Surname2;login2;emai2;2
Name3;Surname3;login3;emai3;3
Name4;Surname4;login4;emai4;4
Name5;Surname5;login5;emai5;5
Name6;Surname6;login6;emai6;80293687654
Алексей;Алексеев;alex;alex@gmail.ru;8989
Alex;Smith;alex1;alex1@gmail.com;9890
Alex1;Smith1;alex2;alex2@gmail.com;9891